{"cameraMode":{"drawMode":0,"name":"Shaded","section":"Shading Mode"},"sceneLighting":true,"audioPlay":false,"sceneViewState":{"showFog":true,"showMaterialUpdate":false,"showSkybox":true,"showFlares":true,"showImageEffects":true,"showParticleSystems":true},"in2DMode":false,"pivot":{"x":-72.46861267089844,"y":-163.45806884765626,"z":168.30764770507813},"rotation":{"x":-0.34888479113578799,"y":0.1778309941291809,"z":-0.06760773807764054,"w":-0.9176701307296753},"size":254.2505340576172,"orthographic":false}