{"cameraMode":{"drawMode":0,"name":"Shaded","section":"Shading Mode"},"sceneLighting":true,"audioPlay":false,"sceneViewState":{"showFog":true,"showMaterialUpdate":false,"showSkybox":true,"showFlares":true,"showImageEffects":true,"showParticleSystems":true},"in2DMode":false,"pivot":{"x":-77.68987274169922,"y":-23.950931549072267,"z":-362.2896728515625},"rotation":{"x":-0.004349205642938614,"y":0.9938462972640991,"z":-0.042072832584381106,"w":-0.10261012613773346},"size":401.9910888671875,"orthographic":false}