{"cameraMode":{"drawMode":0,"name":"Shaded","section":"Shading Mode"},"sceneLighting":true,"audioPlay":false,"sceneViewState":{"showFog":true,"showMaterialUpdate":false,"showSkybox":true,"showFlares":true,"showImageEffects":true,"showParticleSystems":true},"in2DMode":false,"pivot":{"x":-202.73651123046876,"y":-41.54771041870117,"z":-137.2809600830078},"rotation":{"x":-0.04520910605788231,"y":0.8888987302780151,"z":-0.0899132564663887,"w":-0.44693684577941897},"size":275.0071105957031,"orthographic":false}