{"cameraMode":{"drawMode":0,"name":"Shaded","section":"Shading Mode"},"sceneLighting":true,"audioPlay":false,"sceneViewState":{"showFog":true,"showMaterialUpdate":false,"showSkybox":true,"showFlares":true,"showImageEffects":true,"showParticleSystems":true},"in2DMode":false,"pivot":{"x":-92.47195434570313,"y":-190.45765686035157,"z":332.33935546875},"rotation":{"x":-0.2458038628101349,"y":0.13414166867733003,"z":-0.03435983136296272,"w":-0.9594042301177979},"size":406.43988037109377,"orthographic":false}