{"cameraMode":{"drawMode":0,"name":"Shaded","section":"Shading Mode"},"sceneLighting":true,"audioPlay":false,"sceneViewState":{"showFog":true,"showMaterialUpdate":false,"showSkybox":true,"showFlares":true,"showImageEffects":true,"showParticleSystems":true},"in2DMode":false,"pivot":{"x":-91.96945190429688,"y":-9.81882095336914,"z":-39.20198059082031},"rotation":{"x":0.07855065912008286,"y":-0.7963956594467163,"z":0.10598976165056229,"w":0.5902209877967835},"size":121.50957489013672,"orthographic":false}