{"cameraMode":{"drawMode":0,"name":"Shaded","section":"Shading Mode"},"sceneLighting":true,"audioPlay":false,"sceneViewState":{"showFog":true,"showMaterialUpdate":false,"showSkybox":true,"showFlares":true,"showImageEffects":true,"showParticleSystems":true},"in2DMode":false,"pivot":{"x":-14.235640525817871,"y":2.1083004474639894,"z":3.1228792667388918},"rotation":{"x":-0.03347652405500412,"y":0.6106694340705872,"z":-0.025852596387267114,"w":-0.7907546162605286},"size":34.42811965942383,"orthographic":false}