{"cameraMode":{"drawMode":0,"name":"Shaded","section":"Shading Mode"},"sceneLighting":false,"audioPlay":false,"sceneViewState":{"showFog":true,"showMaterialUpdate":false,"showSkybox":false,"showFlares":true,"showImageEffects":true,"showParticleSystems":true},"in2DMode":false,"pivot":{"x":-3.147756814956665,"y":4.682150840759277,"z":-61.87997817993164},"rotation":{"x":0.0031110860873013736,"y":0.6699109077453613,"z":0.002807202748954296,"w":-0.7424291968345642},"size":3.634918689727783,"orthographic":false}